"month","observations","food and non-alcoholic beverages","alcoholic beverages and tobacco","clothing and footwear","housing, water, electricity, gas and other fuels","furnishings and household goods","health","transport","communication","recreation and culture","education","restaurants and hotels","miscellaneous goods and services"
"1980M01","Consumer Price Index (CPI)",95.13,94.83,94.58,95.36,95,96.15,94.6,92.77,97.25,NA,95.17,97.25
"1980M02","Consumer Price Index (CPI)",96.07,94.97,95.36,97.78,96.75,96.18,96.68,95.29,97.44,NA,96.3,99.87
"1980M03","Consumer Price Index (CPI)",96.71,95.43,97.27,97.99,97.57,96.26,97.09,95.29,97.97,NA,96.65,98.83
"1980M04","Consumer Price Index (CPI)",97.35,95.64,98.51,98.61,98.06,96.36,97.4,101.17,98.77,NA,97.43,97.89
"1980M05","Consumer Price Index (CPI)",97.79,95.57,98.79,99.12,98.22,96.36,98.05,101.35,98.36,NA,97.69,98.33
"1980M06","Consumer Price Index (CPI)",97.92,95.92,98.53,99.75,98.35,96.62,98.78,100.86,98.06,NA,98.28,97.78
"1980M07","Consumer Price Index (CPI)",99.98,96.22,96.87,100.14,99.41,100.34,99.16,102.21,99.69,NA,99.71,97.93
"1980M08","Consumer Price Index (CPI)",100.93,96.41,97.99,100.52,100.27,100.51,99.68,102.21,99.73,NA,100.54,98.35
"1980M09","Consumer Price Index (CPI)",103.5,108.65,103.09,100.64,103.56,104.62,101.85,102.21,101.9,NA,103.7,101.68
"1980M10","Consumer Price Index (CPI)",104.46,108.76,106.15,102.61,103.79,105.49,104.68,102.21,102.43,NA,104.26,103.85
"1980M11","Consumer Price Index (CPI)",104.89,108.78,106.39,103.47,104.26,105.54,105.53,102.21,103.88,NA,104.94,104.14
"1980M12","Consumer Price Index (CPI)",105.28,108.8,106.47,103.99,104.76,105.54,106.48,102.21,104.55,NA,105.29,104.14
"1981M01","Consumer Price Index (CPI)",109.88,108.79,103.14,107.83,105.1,115.62,107.48,107.04,105.77,NA,107.22,101.09
"1981M02","Consumer Price Index (CPI)",111.38,109.98,103.46,111.8,106.22,118.65,109.39,113.59,106.08,NA,108.58,102.43
"1981M03","Consumer Price Index (CPI)",111.77,110.03,104.71,112.13,107.16,119.54,109.92,113.59,107.18,NA,109.16,103.78
"1981M04","Consumer Price Index (CPI)",112.76,111.84,105.91,112.77,107.7,120.52,108.99,113.59,108.22,NA,109.71,104
"1981M05","Consumer Price Index (CPI)",113.42,111.98,106.15,113,108.35,121.53,111.68,113.59,108.59,NA,110.83,103.86
"1981M06","Consumer Price Index (CPI)",113.71,112.05,105.06,114.13,108.65,122.57,111.8,114.7,108.61,NA,112.04,104.61
"1981M07","Consumer Price Index (CPI)",116.07,112.06,103.83,115.26,109.13,121.44,114.14,114.55,108.92,NA,113.39,104.52
"1981M08","Consumer Price Index (CPI)",117.18,112,104.16,116.46,110.48,121.9,115.2,114.55,108.8,NA,114.52,105.55
"1981M09","Consumer Price Index (CPI)",117.64,112.7,107.36,116.77,110.57,127.71,115.89,114.55,109.62,NA,116.6,105.86
"1981M10","Consumer Price Index (CPI)",119.17,112.84,110.61,116.36,110.52,127.76,117.59,114.55,109.97,NA,117.02,107.38
"1981M11","Consumer Price Index (CPI)",119.54,113.19,110.8,116.92,110.81,127.76,118.02,114.55,110.98,NA,117.18,107
"1981M12","Consumer Price Index (CPI)",117.76,112.95,109.24,117.13,109.39,127.33,118.3,114.55,110.46,NA,117.1,106.17
"1982M01","Consumer Price Index (CPI)",122.21,113.1,106.13,122.08,110.79,134.19,118.72,114.55,112.24,NA,119.66,106.88
"1982M02","Consumer Price Index (CPI)",125.76,114.42,107.71,122.38,113.7,135.31,120.42,114.55,113.08,NA,122.66,109.66
"1982M03","Consumer Price Index (CPI)",127.13,114.44,109.31,120.85,114.04,135.33,121.49,114.55,114.28,NA,123.3,110.36
"1982M04","Consumer Price Index (CPI)",127.44,116.41,111.17,121.72,114.54,135.61,122.39,114.55,114.72,NA,124.17,110.53
"1982M05","Consumer Price Index (CPI)",128.04,119.6,111.42,122.18,114.65,134.57,122.36,114.55,114.97,NA,125.2,110.59
"1982M06","Consumer Price Index (CPI)",128.86,120.05,110.84,122.49,114.94,133.55,123.21,114.55,115.59,NA,125.79,110.33
"1982M07","Consumer Price Index (CPI)",130.6,120.11,109.33,123.78,115.47,143.6,124.27,114.55,115.35,NA,125.54,110.59
"1982M08","Consumer Price Index (CPI)",131.13,120.11,109.29,123.9,116.28,142.62,124.64,114.55,115.55,NA,126.96,111.69
"1982M09","Consumer Price Index (CPI)",131.69,120.13,112.74,123.98,117.03,143.68,125.58,114.55,115.65,NA,128.26,112.41
"1982M10","Consumer Price Index (CPI)",132.1,121.01,115.36,126.13,117.57,143.7,130.03,114.55,116.68,NA,129.04,114.77
"1982M11","Consumer Price Index (CPI)",133.37,121.17,115.74,126.77,118.71,144.91,131.24,114.55,118.88,NA,130.18,115.58
"1982M12","Consumer Price Index (CPI)",133.4,121.28,116.15,126.86,119.4,145.17,131.97,114.55,119.62,NA,131.99,115.96
"1983M01","Consumer Price Index (CPI)",137.73,129.09,113.49,130.26,121.52,148.39,133.94,111.88,122.14,NA,134.91,117.95
"1983M02","Consumer Price Index (CPI)",138.44,132.75,114.43,127.98,122.6,148.74,134.52,111.88,122.85,NA,136.1,118.27
"1983M03","Consumer Price Index (CPI)",140.33,132.98,116.24,127.39,123.28,149.13,133.15,111.88,124.48,NA,136.8,120.05
"1983M04","Consumer Price Index (CPI)",141.17,134,118.48,127.39,124.29,149.22,135.62,116.99,125.03,NA,138.49,122.19
"1983M05","Consumer Price Index (CPI)",142.36,134.06,118.85,128.32,125.5,150.73,136.16,116.99,125.66,NA,139.69,122.82
"1983M06","Consumer Price Index (CPI)",143.63,134.49,118.46,128.75,126.73,151.7,136.61,119.03,126.51,NA,141,124.9
"1983M07","Consumer Price Index (CPI)",145.79,134.61,117.19,129.82,126.94,154.48,137.84,126.84,127.16,NA,141.83,125.72
"1983M08","Consumer Price Index (CPI)",146.63,134.73,118.2,129.75,128.7,154.54,139.53,126.84,127.61,NA,143.39,126.78
"1983M09","Consumer Price Index (CPI)",147.01,134.76,121.54,130.45,129.34,155.25,140.62,126.84,129.2,NA,144.61,127.59
"1983M10","Consumer Price Index (CPI)",148.73,135.33,125.54,131.26,129.5,155.68,141.28,126.84,129.69,NA,145.35,128.46
"1983M11","Consumer Price Index (CPI)",149.5,135.95,125.92,132.19,129.93,155.47,142.49,126.84,130.4,NA,147.26,129.46
"1983M12","Consumer Price Index (CPI)",151.38,145.15,126.19,132.05,130.39,156.08,142.71,126.84,130.98,NA,149.51,129.91
"1984M01","Consumer Price Index (CPI)",154.49,145.39,120.08,135.24,131.21,164.47,146.02,126.97,132.49,NA,152.88,131.05
"1984M02","Consumer Price Index (CPI)",158.08,146.23,120.27,135.62,133.05,164.68,133.36,126.97,133.33,NA,153.95,132.39
"1984M03","Consumer Price Index (CPI)",158.28,146.22,121.91,135.87,132.88,164.69,144.82,126.97,134.57,NA,156.13,134.08
"1984M04","Consumer Price Index (CPI)",159.28,146.76,124.55,136.51,134.1,165.37,144.58,127.93,135.5,NA,158,136.66
"1984M05","Consumer Price Index (CPI)",161.86,146.8,125.05,136.73,134.78,165.58,146.67,127.74,136.27,NA,158.81,137.18
"1984M06","Consumer Price Index (CPI)",162.6,146.8,124.57,136.86,135.07,165.46,142.94,127.74,136.39,NA,158.64,136.95
"1984M07","Consumer Price Index (CPI)",162.42,146.96,122.24,139.24,135.45,165.43,141.56,127.74,136.89,NA,158.61,137.48
"1984M08","Consumer Price Index (CPI)",162.8,147.1,123.45,138.58,137.83,168.03,147.26,127.74,137.14,NA,161.39,138.35
"1984M09","Consumer Price Index (CPI)",163.39,147.13,128.09,139.12,137.79,169.11,148.02,127.74,138.12,NA,163.34,138.96
"1984M10","Consumer Price Index (CPI)",164.05,149.23,132.59,140.03,138.6,171.18,145.62,127.74,138.06,NA,164.07,140.05
"1984M11","Consumer Price Index (CPI)",163.17,149.04,133.29,141.36,139.02,171.24,149.22,127.74,138.76,NA,165.19,141.2
"1984M12","Consumer Price Index (CPI)",164.16,157,133.22,143.97,139.59,174.01,155.13,127.81,138.95,NA,166.88,142.11
"1985M01","Consumer Price Index (CPI)",166.59,157.23,127.97,146.25,140.21,178.75,154.69,127.9,139.32,NA,171.64,142.89
"1985M02","Consumer Price Index (CPI)",170.17,157.53,127.59,147.02,141.86,180.45,156.69,127.9,140,NA,172.71,143.09
"1985M03","Consumer Price Index (CPI)",171.68,157.42,129.93,147.67,143.03,182.01,158.62,127.9,140.51,NA,175.16,143.83
"1985M04","Consumer Price Index (CPI)",172.27,158.07,132.61,148.17,143.65,181.85,158.62,127.9,140.46,NA,176.21,144.85
"1985M05","Consumer Price Index (CPI)",174.77,158.16,132.83,152.38,144.02,182.01,158.41,129.25,140.65,NA,176.56,145.01
"1985M06","Consumer Price Index (CPI)",173.78,158.21,132.2,150.89,143.99,182.01,159.14,129.32,141.03,NA,176.76,145.25
"1985M07","Consumer Price Index (CPI)",174.13,158.19,129.58,149.77,144.43,184.61,161.47,129.32,141.66,NA,174.99,145.22
"1985M08","Consumer Price Index (CPI)",173.91,158.21,129.82,149.55,145.32,184.97,160.35,129.32,141.68,NA,178.26,145.1
"1985M09","Consumer Price Index (CPI)",175.52,158.21,134.04,149.62,145.59,184.97,159.52,129.32,142.33,NA,179.72,145.19
"1985M10","Consumer Price Index (CPI)",175.08,158.9,139.03,151.86,145.56,184.97,158.29,129.32,143.07,NA,180.71,145.62
"1985M11","Consumer Price Index (CPI)",174.62,160.82,139.4,152.66,145.78,185.07,162.8,129.32,143.21,NA,182.82,146.98
"1985M12","Consumer Price Index (CPI)",175.78,160.89,139.92,153.07,146.51,186.08,162.96,129.32,144.36,NA,184.1,148.52
"1986M01","Consumer Price Index (CPI)",180.84,160.96,132.28,156.86,147.68,191.35,162.75,136.71,144.82,NA,188.49,148.86
"1986M02","Consumer Price Index (CPI)",183.94,160.96,131.44,155.45,148.74,191.77,161.9,138.42,144.65,NA,189.8,149.55
"1986M03","Consumer Price Index (CPI)",184.1,161.42,135.4,153.22,150.38,192.13,160.34,136.41,145.06,NA,191.62,148.91
"1986M04","Consumer Price Index (CPI)",185.8,162.59,136.93,153.94,151.19,192.48,160.58,136.67,145.8,NA,192.5,151.27
"1986M05","Consumer Price Index (CPI)",186.2,162.62,137.28,152.87,151.88,192.57,161.04,137.48,145.96,NA,193.29,152.54
"1986M06","Consumer Price Index (CPI)",187.06,162.52,136.39,152.22,152.29,192.74,160.81,137.74,146.97,NA,193.52,152.85
"1986M07","Consumer Price Index (CPI)",186.31,162.67,133.34,153.68,152.65,198.08,161.38,138,147.96,NA,194.95,153.22
"1986M08","Consumer Price Index (CPI)",185.52,162.56,132.74,153.45,153.57,198.27,160.4,138.26,148.32,NA,196.63,153.98
"1986M09","Consumer Price Index (CPI)",187.29,162.59,137.95,153.82,154.25,199.01,162.95,138.51,149.46,NA,198.21,154.91
"1986M10","Consumer Price Index (CPI)",187.42,163.76,143.5,152.84,154.33,199.2,164.54,138.76,149.53,NA,199.09,155.65
"1986M11","Consumer Price Index (CPI)",186.38,163.78,143.04,152.82,154.7,199.22,164.53,139.02,151.31,NA,199.92,156.26
"1986M12","Consumer Price Index (CPI)",186.61,163.71,142.96,153.61,154.98,199.55,164.9,139.15,151.31,NA,201.85,156.56
"1987M01","Consumer Price Index (CPI)",186.51,171.85,138.62,156.58,156.49,199.92,167.7,143.34,151.18,NA,204.93,157.02
"1987M02","Consumer Price Index (CPI)",187.24,176.11,136.14,157,157.12,203.14,168.28,144.91,151.35,NA,205.94,158.47
"1987M03","Consumer Price Index (CPI)",187.54,176.13,138.33,157.14,157.25,203.92,168.15,144.91,151.5,NA,205.96,158.68
"1987M04","Consumer Price Index (CPI)",187.52,175.37,140.68,157.86,157.48,203.94,168.18,144.91,151.42,NA,207.19,159.07
"1987M05","Consumer Price Index (CPI)",187.03,175.36,141.07,158.2,157.63,204.2,167.93,144.91,152.04,NA,207.29,159.66
"1987M06","Consumer Price Index (CPI)",186.4,175.95,139.47,158.31,158.16,204.32,166.98,144.91,151.9,NA,206.99,159.88
"1987M07","Consumer Price Index (CPI)",193.44,175.96,137.55,159.42,159.08,205.5,170.74,145.23,152.04,NA,208.93,160.43
"1987M08","Consumer Price Index (CPI)",195.14,175.95,137.26,160.01,160,205.32,173.36,145.23,151.77,NA,211.11,160.53
"1987M09","Consumer Price Index (CPI)",196.18,176.68,141.89,160.39,161.64,206.58,176.46,145.23,153.45,NA,212.95,161.3
"1987M10","Consumer Price Index (CPI)",196.15,177.37,146.24,161.1,162.57,206.82,175.81,145.23,154.26,NA,214.08,162.38
"1987M11","Consumer Price Index (CPI)",196.5,177.4,146.78,162,162.85,206.96,175.89,145.23,154.94,NA,214.94,163.02
"1987M12","Consumer Price Index (CPI)",196.54,177.54,146,161.95,163.44,207.38,175.61,145.23,155.57,NA,215.11,163.54
"1988M01","Consumer Price Index (CPI)",197.31,177.58,139.07,166.03,163.62,211.25,176.21,148.14,155.61,NA,218.02,164.23
"1988M02","Consumer Price Index (CPI)",198.91,179.25,138.53,166.62,164.89,211.98,179.41,152.76,156.11,NA,218.97,167.42
"1988M03","Consumer Price Index (CPI)",199.86,179.27,140.03,166.75,166.24,212.31,181.16,152.76,156.5,NA,220.73,168.22
"1988M04","Consumer Price Index (CPI)",200.74,183.86,143.21,167.97,167.46,212.42,182.77,156.21,157.34,NA,220.9,169.49
"1988M05","Consumer Price Index (CPI)",199.73,184.2,142.86,169.49,167.69,212.56,184.37,156.21,158.08,NA,222.26,169.94
"1988M06","Consumer Price Index (CPI)",199.79,190.98,141.24,170.1,168.15,213.06,183.4,156.54,158.58,NA,224.04,170.6
"1988M07","Consumer Price Index (CPI)",202.46,191.3,138.12,170.94,169.42,214.82,185.29,156.54,158.91,NA,225.46,171.06
"1988M08","Consumer Price Index (CPI)",203.26,191.19,138.23,171.35,170.52,215.09,185.14,156.54,158.88,NA,227.24,171.03
"1988M09","Consumer Price Index (CPI)",203.75,192.31,143.66,171.67,171.58,214.95,188.43,156.54,158.64,NA,230.51,171.63
"1988M10","Consumer Price Index (CPI)",205.05,192.26,148.93,172.95,171.84,215.32,189.02,156.54,160.01,NA,231.63,172.4
"1988M11","Consumer Price Index (CPI)",205.42,192.24,148.95,172.93,172.07,215.82,188.94,156.54,161.39,NA,232.64,173.57
"1988M12","Consumer Price Index (CPI)",205.75,192.17,148.13,173.43,171.97,216.82,190.16,156.54,161.6,NA,234.6,174.01
"1989M01","Consumer Price Index (CPI)",208.81,191.82,140.64,178.58,173.54,228.44,192.61,162.4,162.35,NA,236.48,175.06
"1989M02","Consumer Price Index (CPI)",209.98,192.99,140.25,178.91,174.57,228.89,195.73,162.78,162.86,NA,238.17,177.51
"1989M03","Consumer Price Index (CPI)",211.39,193.42,141.63,179.26,175.31,229.35,196.21,162.78,163.51,NA,240.13,178.43
"1989M04","Consumer Price Index (CPI)",211.52,196.68,144,181.15,175.83,229.37,200.6,162.78,163.94,NA,240.39,179.29
"1989M05","Consumer Price Index (CPI)",212.31,196.6,144.01,182.23,176.62,229.46,201.53,162.78,164.9,NA,242.92,179.22
"1989M06","Consumer Price Index (CPI)",212.5,208.88,142.8,182.45,177.31,229.63,200.39,163.21,165.48,NA,244.75,179.74
"1989M07","Consumer Price Index (CPI)",213.52,209.72,138.83,183.93,177.59,236.79,198.77,165.28,165.16,NA,243.06,180.05
"1989M08","Consumer Price Index (CPI)",214.83,209.71,140.84,184.24,178.67,237.27,198.74,165.28,165.24,NA,248.29,181.15
"1989M09","Consumer Price Index (CPI)",215.53,210.19,145.46,184.78,179.88,237.77,201.85,165.79,166.92,NA,248.45,182.09
"1989M10","Consumer Price Index (CPI)",216.63,211.26,151.83,185.78,180.36,240.48,203.3,165.79,168.29,NA,251.17,182.78
"1989M11","Consumer Price Index (CPI)",216.78,211.32,150.6,186.63,180.72,240.72,202.48,165.79,170.07,NA,252.36,182.71
"1989M12","Consumer Price Index (CPI)",217.33,211.14,150.68,187.88,182.01,241.8,202.56,165.79,170.5,NA,254.29,184.32
"1990M01","Consumer Price Index (CPI)",223.07,214.72,138.13,198.83,182.46,243.11,212.37,176.36,171.11,NA,281.42,187.23
"1990M02","Consumer Price Index (CPI)",223.37,215.25,138.58,199.17,182.68,243.76,213.84,176.91,171.88,NA,283.55,188.78
"1990M03","Consumer Price Index (CPI)",224.48,215.27,142.93,209.66,184.47,243.01,227.02,176.91,172.27,NA,283.25,189.02
"1990M04","Consumer Price Index (CPI)",224.39,215.46,144.88,211.47,184.14,242.53,227.08,176.91,172.74,NA,283.25,189.87
"1990M05","Consumer Price Index (CPI)",226.72,229.02,144.57,211.7,185.05,244.05,226.56,177.82,172.95,NA,284.74,190
"1990M06","Consumer Price Index (CPI)",226.48,229,141.87,210.85,186.18,244.15,227.97,177.82,173.42,NA,285.68,191.03
"1990M07","Consumer Price Index (CPI)",231.59,234.72,138.45,212.03,187.69,253.32,230.5,177.82,175.02,NA,288.28,191.4
"1990M08","Consumer Price Index (CPI)",231.5,234.55,140.63,212.62,189.96,254.12,235.23,177.82,174.63,NA,294.73,193.63
"1990M09","Consumer Price Index (CPI)",231.65,234.7,147.15,213.48,191.03,253.9,242.33,177.82,177.3,NA,295.37,195.52
"1990M10","Consumer Price Index (CPI)",233.28,235.2,153.81,213.93,191.24,254.02,243.19,177.82,178.4,NA,296.48,195.96
"1990M11","Consumer Price Index (CPI)",234.63,235.37,152.04,216.34,191.56,254.12,241.96,177.82,179.61,NA,297.12,195.85
"1990M12","Consumer Price Index (CPI)",234.39,235.4,149.39,217.45,193.04,255.72,239.29,177.82,179.49,NA,297.09,196.09
"1991M01","Consumer Price Index (CPI)",237.87,237.85,137.55,228.4,193.69,284.7,248.76,215.16,180.8,NA,305.37,209.66
"1991M02","Consumer Price Index (CPI)",237.59,238.02,138.11,249.62,195.64,286.54,249.79,215.16,181.09,NA,306.12,210.01
"1991M03","Consumer Price Index (CPI)",238.47,237.99,144.69,249.03,195.78,286.36,250.08,215.16,181.59,NA,306.89,209.46
"1991M04","Consumer Price Index (CPI)",238.5,238.46,148.78,250.89,197.67,286.18,249.84,215.16,182.38,NA,306.56,212.41
"1991M05","Consumer Price Index (CPI)",238.82,238.51,147.66,251.76,198.69,286.13,250.49,216.65,181.61,NA,306.53,212.18
"1991M06","Consumer Price Index (CPI)",240.19,238.46,144.28,250.58,199.25,285.88,251.33,216.65,181.93,NA,307.54,210.43
"1991M07","Consumer Price Index (CPI)",242.84,238.35,138.82,251.76,197.63,297.4,248.35,216.65,183.02,NA,309.32,211.15
"1991M08","Consumer Price Index (CPI)",240.5,238.32,137.18,251.63,199.65,297.96,249.26,216.65,182,NA,312.47,212.14
"1991M09","Consumer Price Index (CPI)",238.31,238.23,156.6,252.26,200.27,297.7,252.29,216.65,182.75,NA,312.15,213.87
"1991M10","Consumer Price Index (CPI)",238.01,240.35,157.88,254.03,200.85,298.21,252.05,216.38,184.15,NA,311.19,214.46
"1991M11","Consumer Price Index (CPI)",241.1,240.51,158.06,254.4,200.94,298.27,252.89,218.49,186.08,NA,310.84,215.44
"1991M12","Consumer Price Index (CPI)",237.96,240.35,154.66,257.18,200.63,299.59,251.04,218.49,186.73,NA,310.51,215.18
"1992M01","Consumer Price Index (CPI)",228.69,239.74,142.2,265.47,199.87,308.39,252.76,218.44,186.91,NA,305.16,214.68
"1992M02","Consumer Price Index (CPI)",228.53,239.79,143.59,265.42,200.19,308.48,253.01,218.44,186.48,NA,304.33,214.66
"1992M03","Consumer Price Index (CPI)",228.86,239.74,149.82,265.55,200.87,308.78,253.86,218.44,187.47,NA,305.19,215.34
"1992M04","Consumer Price Index (CPI)",227.96,239.76,153.13,265.86,200.83,308.96,255.22,218.44,187.58,NA,304.23,217.35
"1992M05","Consumer Price Index (CPI)",229.17,240.13,151.71,266.56,200.99,309.29,254.81,218.44,187.58,NA,303,217.61
"1992M06","Consumer Price Index (CPI)",229.78,240.9,143.08,267.48,200.75,309.41,255.24,219.2,187.19,NA,302.32,216.31
"1992M07","Consumer Price Index (CPI)",227.2,240.92,140.02,267.69,200.21,342.63,252.99,229.79,187.58,NA,300.92,217.01
"1992M08","Consumer Price Index (CPI)",226.51,240.66,139.57,268.9,201.15,342.75,252.28,229.79,187.14,NA,302.53,217.99
"1992M09","Consumer Price Index (CPI)",224.89,240.94,157.88,274.09,201.71,342.81,253.44,231.13,186.89,NA,303.43,216.76
"1992M10","Consumer Price Index (CPI)",224.99,240.13,159.19,274.94,200.95,343.29,254.56,231.11,187.27,NA,300.89,217.74
"1992M11","Consumer Price Index (CPI)",222.47,239.76,155.6,273.06,200.31,343.14,255.19,232.74,188.01,NA,301.67,217.78
"1992M12","Consumer Price Index (CPI)",223.47,263.19,150.98,271.87,199.93,344.38,258.22,233.04,188.62,NA,302.75,217.31
"1993M01","Consumer Price Index (CPI)",229.53,264.39,138.94,284.83,200.07,365.9,280.32,233.7,189.87,NA,302.65,216.76
"1993M02","Consumer Price Index (CPI)",229.97,265.79,139.86,284.39,201.77,366.59,282.08,234.12,191.07,NA,302.59,218.79
"1993M03","Consumer Price Index (CPI)",230.62,265.66,145.72,284.31,203.51,370.9,283.42,234.49,191.25,NA,301.32,219.55
"1993M04","Consumer Price Index (CPI)",229.73,264.12,147.04,286.38,203.43,371,286.91,235.63,191.99,NA,300.57,220.01
"1993M05","Consumer Price Index (CPI)",229.57,265.66,146.72,284.34,203.33,370.79,286.78,235.98,191.86,NA,301.38,219.7
"1993M06","Consumer Price Index (CPI)",228.57,266.74,142.12,283.85,204.41,372.24,284.84,236.47,192.04,NA,302.29,220.12
"1993M07","Consumer Price Index (CPI)",229.06,266.92,136.56,283.6,204.39,376.48,285.33,236.47,191.89,NA,300.81,221.03
"1993M08","Consumer Price Index (CPI)",228.61,268.64,139.36,283.6,204.19,375.17,283.91,236.47,192.64,NA,300.87,222.05
"1993M09","Consumer Price Index (CPI)",227.41,268.64,159.27,283.65,204.57,375.66,285.28,236.47,192.55,NA,302.11,223.03
"1993M10","Consumer Price Index (CPI)",226.9,269.06,161.67,284.75,205.17,375.83,283.81,236.47,195.23,NA,302.26,223.55
"1993M11","Consumer Price Index (CPI)",225.68,268.9,160.36,284.56,206.45,378.04,286.8,233.47,196.04,NA,302.32,222.9
"1993M12","Consumer Price Index (CPI)",226.06,268.93,158.29,283.38,205.53,378.73,284.53,233.15,195.03,NA,302.68,222.66
"1994M01","Consumer Price Index (CPI)",226.35,277.08,145.83,287.71,205.61,390.1,285.23,236.83,196.34,NA,303.56,222.4
"1994M02","Consumer Price Index (CPI)",229.65,277.46,145.7,287.43,206.08,390.83,286.8,236.83,197.38,NA,303.53,222.44
"1994M03","Consumer Price Index (CPI)",229.4,277.65,153.92,287.46,206,391.02,286.75,239.19,197.32,NA,302.77,224.85
"1994M04","Consumer Price Index (CPI)",230.59,277.89,156.77,288.25,206.47,391.29,288.94,239.19,197.13,NA,304.74,224.45
"1994M05","Consumer Price Index (CPI)",231.78,278.64,157.55,288.96,206.14,391.44,290.02,239.19,197.09,NA,303.29,224.5
"1994M06","Consumer Price Index (CPI)",232.5,278.96,154.11,289.13,206.06,391.82,292.39,239.91,196.81,NA,303.02,224.36
"1994M07","Consumer Price Index (CPI)",235.65,279.02,146.6,289.87,205.69,391.98,292.44,239.91,197.28,NA,302.86,225.34
"1994M08","Consumer Price Index (CPI)",236.3,278.91,146.1,290.21,206.47,392.36,292.59,239.98,195.91,NA,305.16,223.88
"1994M09","Consumer Price Index (CPI)",236.59,279.18,162.2,290.86,207.33,412.24,291.65,239.98,196.6,NA,306.1,225.01
"1994M10","Consumer Price Index (CPI)",234.39,279.55,166.07,291.48,207.71,413.08,291.1,239.98,197.32,NA,304.13,225.45
"1994M11","Consumer Price Index (CPI)",233.49,279.58,163.98,291.54,208.16,413.54,291.53,240.45,197.98,NA,305.07,224.61
"1994M12","Consumer Price Index (CPI)",232.44,279.53,161.95,291.11,208.28,413.5,290.48,237.91,198.61,NA,308.06,225.03
"1995M01","Consumer Price Index (CPI)",231.94,286.75,147.74,294.97,207.04,429.07,294.46,236.54,199.07,NA,313.91,225.5
"1995M02","Consumer Price Index (CPI)",233.9,288.09,149.74,294.68,208.72,428.66,295.33,241.17,200.18,NA,313.94,225.39
"1995M03","Consumer Price Index (CPI)",235.76,288.17,154.17,294.94,210.4,429.07,295.79,240.54,200.4,NA,315.02,225.64
"1995M04","Consumer Price Index (CPI)",237.03,287.89,157.27,297.29,211.1,428.41,299.37,240.07,200.6,NA,316.87,226.04
"1995M05","Consumer Price Index (CPI)",239.97,288.42,156.49,297.35,211.27,434.08,297.3,238.09,200.36,NA,316.78,226.58
"1995M06","Consumer Price Index (CPI)",239.05,289.01,154.3,297.37,211.64,434.62,298.5,237.81,199.93,NA,316.29,226.02
"1995M07","Consumer Price Index (CPI)",237.99,289.26,146.72,297.43,212.76,460.29,299.19,244.02,198.97,NA,315.48,226.81
"1995M08","Consumer Price Index (CPI)",236.82,289.12,145.76,296.33,216.1,460.66,298.21,242.73,199.31,NA,319.15,228.22
"1995M09","Consumer Price Index (CPI)",236.73,289.04,163.22,295.87,216.76,461.33,299.69,242.84,199.99,NA,319.8,228.4
"1995M10","Consumer Price Index (CPI)",234.79,292.27,166.08,297.03,217.07,461.49,299.16,243.13,201.04,NA,320.01,228.6
"1995M11","Consumer Price Index (CPI)",232.79,292.36,164.18,296.77,217.99,461.53,300.82,244.21,202.25,NA,320.97,229.55
"1995M12","Consumer Price Index (CPI)",232.24,292.33,162.54,296.19,218.09,461.74,299.02,239.83,201.39,NA,320.97,229.48
"1996M01","Consumer Price Index (CPI)",217.68,295.07,145.36,305.56,217.84,464.56,300.48,255.71,202.47,NA,324.28,228.73
"1996M02","Consumer Price Index (CPI)",217.88,295.27,145.7,305.38,218.56,465.66,301.77,257.47,202.79,NA,324,229.26
"1996M03","Consumer Price Index (CPI)",220.92,295.15,153.63,304.91,219.58,465.38,302.75,255.3,202.73,NA,324.32,228.78
"1996M04","Consumer Price Index (CPI)",221.5,295.33,157.48,304.7,220.43,464.47,305.36,254.54,202.27,NA,324.99,229.69
"1996M05","Consumer Price Index (CPI)",221.39,297.63,158.45,303.17,220.49,463.69,305.69,248.34,202.83,NA,325.44,230.7
"1996M06","Consumer Price Index (CPI)",221.22,297.97,155.02,302.37,219.84,462.86,302.69,248.32,202.35,NA,325.66,232.38
"1996M07","Consumer Price Index (CPI)",223.76,298.29,146.58,301.54,219.97,468.27,302.93,249.68,201.84,NA,323.19,231.51
"1996M08","Consumer Price Index (CPI)",221.09,298.09,146.17,300.36,220.19,467.49,300.66,251.59,200.44,NA,325.38,231.53
"1996M09","Consumer Price Index (CPI)",218.58,298.35,160.89,301.16,220.1,470.65,302.81,249.93,200.36,NA,326.43,232.45
"1996M10","Consumer Price Index (CPI)",217.22,298.38,163.79,301.31,220.15,483.11,302.87,248.15,199.39,NA,326.27,232.86
"1996M11","Consumer Price Index (CPI)",215.12,298.41,163.18,300.42,219.69,483.07,303.41,249.66,200.22,NA,326.43,232.26
"1996M12","Consumer Price Index (CPI)",215.95,298.35,160.55,299.51,218.91,483.07,304.28,247.51,199.94,NA,326.53,232.56
"1997M01","Consumer Price Index (CPI)",216.34,301.1,150.23,301.36,218.14,510.51,303.05,247.81,199.01,NA,326.8,233.54
"1997M02","Consumer Price Index (CPI)",217.09,304.98,145.43,300.61,218.6,511.14,304.59,245.16,199.96,NA,326.12,234.03
"1997M03","Consumer Price Index (CPI)",216.77,311,155.31,300.02,218.93,511.33,304.99,248.28,199.61,NA,327.09,234.77
"1997M04","Consumer Price Index (CPI)",219.43,317.36,158.69,300.67,219.39,511.48,304.68,250.78,199.73,NA,327.75,234.98
"1997M05","Consumer Price Index (CPI)",221.06,317.92,158.95,299.81,219.39,511.62,304.78,245.16,200.38,NA,327.68,235.56
"1997M06","Consumer Price Index (CPI)",222.74,319.74,156.08,300.79,219.54,511.53,304.93,244.17,199.88,NA,327.78,235.45
"1997M07","Consumer Price Index (CPI)",223.72,320.43,147.41,301.45,218.82,512.69,306.47,241.32,198.83,NA,325.63,236.08
"1997M08","Consumer Price Index (CPI)",222.56,326.16,147.92,301.06,217.44,512.3,309.78,240.11,198.01,NA,327.39,236.03
"1997M09","Consumer Price Index (CPI)",222.31,339.93,167.17,300.44,219.35,512.3,309.54,248.06,198.31,NA,328.46,236.56
"1997M10","Consumer Price Index (CPI)",221.06,345.36,169.91,299.84,219.46,525.42,307.75,248.88,198.61,NA,329.44,236.66
"1997M11","Consumer Price Index (CPI)",219.69,348.11,167.78,299.42,219.46,525.47,307.48,250.9,198.07,NA,329.6,238.05
"1997M12","Consumer Price Index (CPI)",219.54,349.69,165.64,299.27,219.19,525.52,307.41,246.7,199.21,NA,331.4,237.82
"1998M01","Consumer Price Index (CPI)",220.01,347.68,148.12,297.59,217.66,519.85,305.34,251.92,198.27,NA,330.37,239.78
"1998M02","Consumer Price Index (CPI)",220.32,348.03,144.5,296.81,218.34,520.43,305.8,250.37,198.63,NA,330.3,240.49
"1998M03","Consumer Price Index (CPI)",220.5,347.99,153.68,296.1,219.17,520.96,304.39,249.01,198.22,NA,329.01,241.02
"1998M04","Consumer Price Index (CPI)",222.62,348.2,156.58,295.98,219.02,521.43,304.82,248.74,198.08,NA,331.23,243.07
"1998M05","Consumer Price Index (CPI)",224.2,348.85,157.65,295.75,219.32,521.22,304.45,253.7,198.25,NA,332.06,242.45
"1998M06","Consumer Price Index (CPI)",224.94,348.79,150.89,295.42,219.63,521.43,305.77,251.77,197.62,NA,331.66,242.88
"1998M07","Consumer Price Index (CPI)",225.71,348.37,145.93,295.01,219.11,521.01,306.94,253.79,195.94,NA,330.9,241.76
"1998M08","Consumer Price Index (CPI)",225.05,322.35,147.28,294.12,219.5,520.9,305.53,255.49,194.89,NA,331.49,242.93
"1998M09","Consumer Price Index (CPI)",222.14,322.42,163.45,293.7,220.55,521.06,304.45,254.48,196.28,NA,334.51,243.45
"1998M10","Consumer Price Index (CPI)",222.07,322.66,166.84,293.32,219.94,520.85,305.68,259.34,196.89,NA,335.27,243.86
"1998M11","Consumer Price Index (CPI)",222.31,322.59,165.81,292.43,219.91,521.01,304.79,256.43,195.56,NA,335.87,244.05
"1998M12","Consumer Price Index (CPI)",222.36,322.56,164.93,291.39,219.76,521.53,303.04,257.69,196.44,NA,335.37,244.5
"1999M01","Consumer Price Index (CPI)",225.71,328.52,148.59,291.52,218.29,563.42,303.75,261.74,196.45,NA,337.27,243.87
"1999M02","Consumer Price Index (CPI)",225.91,328.48,146.98,291.23,219.37,562.38,302.99,264.16,196.72,NA,339.76,244.42
"1999M03","Consumer Price Index (CPI)",226.62,328.55,156.72,290.44,219.39,561.39,305.47,264.21,196.53,NA,338.78,244.72
"1999M04","Consumer Price Index (CPI)",226.67,328.61,160.2,289.88,219.61,562.54,307.78,259.42,197.45,NA,340.23,246.54
"1999M05","Consumer Price Index (CPI)",227.8,329.56,159.7,289.65,219.54,569.32,309.66,258.51,197.56,NA,342.21,247.78
"1999M06","Consumer Price Index (CPI)",228.16,330.08,157.95,289.59,219.85,610.06,310.23,256.24,197.35,NA,341.47,247.39
"1999M07","Consumer Price Index (CPI)",225.69,330.35,149.55,289.56,219.74,608.96,312.27,255.96,197.68,NA,334.89,247.39
"1999M08","Consumer Price Index (CPI)",225.64,330.18,148.54,289.48,219.59,608.81,313.81,255.59,196.15,NA,340.09,247.76
"1999M09","Consumer Price Index (CPI)",224.8,331.29,166.47,289.53,220.33,608.86,313.9,254.84,197.17,NA,343.04,247.9
"1999M10","Consumer Price Index (CPI)",225.22,331.55,170.55,289.36,220.4,609.38,313.39,253.02,197.33,NA,343.41,247.37
"1999M11","Consumer Price Index (CPI)",224.93,331.52,167.64,289.18,220.31,609.48,311.99,251.09,196.55,NA,342,247.68
"1999M12","Consumer Price Index (CPI)",224.53,331.78,167.01,289.56,220.7,609.07,315.75,250.52,197.76,NA,341.84,248.12
"2000M01","Consumer Price Index (CPI)",223.84,333.05,147.59,290.17,218.64,621.52,315.41,243.97,195.33,NA,342.79,253.18
"2000M02","Consumer Price Index (CPI)",225.89,333.18,147.52,291.06,219.81,622.25,319.12,241.48,196.79,NA,343.51,253.21
"2000M03","Consumer Price Index (CPI)",226.05,333.28,156.28,291.64,218.62,624.5,324.29,233.61,196.85,NA,343.2,253
"2000M04","Consumer Price Index (CPI)",226.16,333.61,160.45,291.33,219.01,626.75,318.65,232.68,196.4,NA,344.57,253.73
"2000M05","Consumer Price Index (CPI)",227.32,334.41,162.71,291.09,219.63,629.97,325.61,231.99,196.93,NA,345.11,253.86
"2000M06","Consumer Price Index (CPI)",227.28,335.07,158.61,291.41,220.16,629.85,328.57,232.02,195.43,NA,346.72,254.61
"2000M07","Consumer Price Index (CPI)",226.45,335.93,151.76,291.67,218.68,632.1,326.9,229.52,194.1,NA,343.78,254.92
"2000M08","Consumer Price Index (CPI)",226.47,336.26,153.62,292.11,220.64,633.25,325.01,222.56,194.76,NA,345.46,255.04
"2000M09","Consumer Price Index (CPI)",225.96,336.89,165.52,292.86,221.1,634.89,328.66,222.83,195.33,NA,347.3,254.99
"2000M10","Consumer Price Index (CPI)",225.49,337.36,168.14,293.49,221.24,636.17,327.4,225.12,196.6,NA,346.82,256.2
"2000M11","Consumer Price Index (CPI)",225.09,337.46,167.31,294.04,221.68,636.35,326.21,226.44,197.34,NA,348.71,256.68
"2000M12","Consumer Price Index (CPI)",225.8,337.69,166.5,294.65,221.83,638.05,319.91,225.78,198.16,NA,349.77,257.48
"2001M01","Consumer Price Index (CPI)",225.11,338.17,145.6,300.04,220.42,640.85,322.19,222.54,197.24,NA,350.5,260.51
"2001M02","Consumer Price Index (CPI)",226.3,338.1,147.17,300.99,221.94,642.57,324.74,222.25,196.28,NA,351.52,262.09
"2001M03","Consumer Price Index (CPI)",228.64,338.3,159.5,301.37,223.11,649.57,322.41,231.07,196.34,NA,352.18,262.14
"2001M04","Consumer Price Index (CPI)",231.1,338.37,164.62,303.41,223.33,659,327.64,231.14,196.83,NA,353.55,263.27
"2001M05","Consumer Price Index (CPI)",234.9,338.84,164.84,303.94,224.92,661.86,334.02,232.14,197.36,NA,354.39,264.28
"2001M06","Consumer Price Index (CPI)",234,339.28,161.84,304.95,225.17,662.63,329.24,232,199.07,NA,355.09,264
"2001M07","Consumer Price Index (CPI)",233.93,340.06,150.73,306.51,224.39,662.69,323.88,232.47,199.09,NA,354.18,264.05
"2001M08","Consumer Price Index (CPI)",234.22,340.36,154.64,307.31,225.94,661.93,323.43,232.47,197.5,NA,357.26,265.24
"2001M09","Consumer Price Index (CPI)",234.18,341.47,174.38,305.09,226.03,668.04,327.29,231.98,198.11,NA,361.66,266.14
"2001M10","Consumer Price Index (CPI)",236.18,341.51,176.3,303.23,226.09,669.69,319.29,232.18,198.28,NA,360.93,268.47
"2001M11","Consumer Price Index (CPI)",234.74,341.71,177.62,303.44,227.33,671.92,317.75,232.14,198.34,NA,364.67,269.37
"2001M12","Consumer Price Index (CPI)",236.38,336.31,178.08,303.26,228.61,670.9,316.64,232.09,199.93,NA,363.66,269.63
"2002M01","Consumer Price Index (CPI)",240.84,338.7,152.32,308.32,226.56,678.77,319.3,229.94,196.34,NA,364.36,272.19
"2002M02","Consumer Price Index (CPI)",239.64,339.94,155.65,308.48,227.97,679.51,320.89,230.08,197.03,NA,365.52,272.33
"2002M03","Consumer Price Index (CPI)",242.82,340.71,164.25,308.9,228.27,684.8,326.53,229.97,196.75,NA,368.43,274.15
"2002M04","Consumer Price Index (CPI)",241.43,340.88,166.3,311.2,228.95,684.4,331.22,229.83,196.3,NA,370.03,275.74
"2002M05","Consumer Price Index (CPI)",241.15,341.89,167.5,312.23,229.09,686.68,331.98,229.44,197.49,NA,370.68,275.82
"2002M06","Consumer Price Index (CPI)",240.09,342.29,164.46,312.51,228.59,687.02,329.8,227.63,198.98,NA,371.3,276.49
"2002M07","Consumer Price Index (CPI)",240.06,342.97,152.69,313.23,227.7,682.26,330.53,226.71,199.55,NA,367.99,278.64
"2002M08","Consumer Price Index (CPI)",240.65,343.17,155.52,312.78,229.45,683.86,330.72,226.58,196.87,NA,371.81,279.07
"2002M09","Consumer Price Index (CPI)",239.9,343.67,170.28,313.45,229.29,690.77,333.6,226.26,197.27,NA,374.1,279.42
"2002M10","Consumer Price Index (CPI)",239.66,343.67,174.71,314.11,230.53,690.57,333.03,225.98,198.78,NA,374.86,280.61
"2002M11","Consumer Price Index (CPI)",236.71,343.81,175.22,315.08,231,690.5,327.7,225.84,198.46,NA,374.97,282.09
"2002M12","Consumer Price Index (CPI)",237.28,344.61,174.71,314.63,230.73,692.78,329.38,225.82,199.95,NA,374.31,282.06
"2003M01","Consumer Price Index (CPI)",238.46,344.55,154.98,324.48,228.83,699.38,333.49,228.09,197.96,NA,376.37,283.97
"2003M02","Consumer Price Index (CPI)",240.52,344.62,156.88,328.82,231.57,702.5,338.94,226.77,197.9,NA,377.42,285.09
"2003M03","Consumer Price Index (CPI)",242.22,344.93,166.13,328.95,231.73,703.67,339.83,226.34,198.14,NA,378.58,285.23
"2003M04","Consumer Price Index (CPI)",241.37,346.3,168.91,327.62,232.77,705.06,332.66,225.89,197.07,NA,379.48,285.35
"2003M05","Consumer Price Index (CPI)",239.83,347.82,170.09,327.69,231.89,702.5,331.38,225.94,196.65,NA,379.52,285.82
"2003M06","Consumer Price Index (CPI)",240.02,348.23,163.09,325.39,231.57,704.37,332.96,223.97,198.62,NA,380.27,285.68
"2003M07","Consumer Price Index (CPI)",241.3,348.27,153.36,323.66,230.95,705.68,335.59,222.74,199,NA,377.91,287.45
"2003M08","Consumer Price Index (CPI)",241.89,348.54,153.04,323.15,231.5,705.75,337.03,223.02,196.61,NA,382.51,287.17
"2003M09","Consumer Price Index (CPI)",242.86,348.51,170.79,323.85,232.03,705.96,332.8,223.63,198.02,NA,384.27,287.06
"2003M10","Consumer Price Index (CPI)",241.65,348.2,172.78,324.22,232.37,707.48,335.16,223.31,196.35,NA,384.76,288.6
"2003M11","Consumer Price Index (CPI)",239.36,348.61,172.74,325.04,232.35,710.11,332.63,222.54,195.59,NA,384.84,288.46
"2003M12","Consumer Price Index (CPI)",239.95,348.89,171.04,324.82,231.71,711.63,333.58,221.25,197.29,NA,385.51,288.97
"2004M01","Consumer Price Index (CPI)",240.44,348.71,150.57,329.92,229.58,724.24,338.65,218.57,194.54,NA,385.63,292.14
"2004M02","Consumer Price Index (CPI)",240.08,349.06,150.68,328.33,228.88,725.8,337.19,217.77,194.22,NA,385.32,293.19
"2004M03","Consumer Price Index (CPI)",241.66,349.13,162.24,327.68,229.79,729.63,344.7,215.7,194.01,NA,385.9,293.42
"2004M04","Consumer Price Index (CPI)",240.99,349.17,165.43,325.86,230.06,730.34,346.57,215.12,194.03,NA,386.48,294.03
"2004M05","Consumer Price Index (CPI)",241.06,349.55,165.74,325.28,229.6,732.62,352.94,214.72,194.26,NA,387.09,294.99
"2004M06","Consumer Price Index (CPI)",240.48,349.59,158.78,324.92,229.76,732.54,347.1,214.24,195.91,NA,386.94,295.31
"2004M07","Consumer Price Index (CPI)",240.29,349.66,148.04,324.98,226.99,732.33,353.38,213.57,196.34,NA,387.79,296.44
"2004M08","Consumer Price Index (CPI)",240.01,349.76,148.16,325.63,227.77,734.96,351.31,213.31,194.36,NA,389.83,296.18
"2004M09","Consumer Price Index (CPI)",239.31,349.83,170.51,325.57,228.42,733.54,348.87,212.58,194.68,NA,391.25,297.25
"2004M10","Consumer Price Index (CPI)",238.67,349.55,173.54,325.57,228.75,734.89,354.61,214.66,193.87,NA,391.99,296.96
"2004M11","Consumer Price Index (CPI)",236.42,349.48,171.84,325.47,228.84,735.6,346.97,212.8,193.01,NA,392.06,297.14
"2004M12","Consumer Price Index (CPI)",237.45,348.85,171.04,324.6,228.68,737.16,345.47,212.25,194.3,NA,393.06,297.72
"2005M01","Consumer Price Index (CPI)",238.34,349.68,147.87,327.04,227.05,747.98,348.6,208.48,191.77,NA,394.36,301.46
"2005M02","Consumer Price Index (CPI)",242.82,349.78,149.2,326.87,227.05,748.83,352.51,206.61,192.44,NA,394.65,302.1
"2005M03","Consumer Price Index (CPI)",239.84,349.87,157.31,327,226.93,748.69,355.56,204.76,192.05,NA,395.02,302.54
"2005M04","Consumer Price Index (CPI)",238.74,350.01,161.38,327.73,226.89,747.81,359.26,203.15,190,NA,396.27,302.11
"2005M05","Consumer Price Index (CPI)",239.98,350.4,161.58,327.47,226.71,748.46,358.55,204.45,189.77,NA,398.2,302.55
"2005M06","Consumer Price Index (CPI)",238.68,351.12,156.61,327.33,225.44,748.26,363.65,201.74,191.97,NA,397.96,303.35
"2005M07","Consumer Price Index (CPI)",237.42,352.24,145.25,326.26,224.07,748.69,370.28,200.02,192.18,NA,393.36,303.71
"2005M08","Consumer Price Index (CPI)",236.97,352.84,149.69,326.69,225.64,748.69,371.63,199.23,190.37,NA,396.44,304.68
"2005M09","Consumer Price Index (CPI)",236.57,353.03,169.97,326.96,225.82,749.23,370.45,197.92,190.42,NA,399.93,305.31
"2005M10","Consumer Price Index (CPI)",235.89,353.14,173.16,327.49,226.5,749.34,369.36,197.04,190.88,NA,400.33,309.7
"2005M11","Consumer Price Index (CPI)",235.94,353.15,172.79,328.25,225.58,750.01,362.46,196.41,190.39,NA,401.68,310.64
"2005M12","Consumer Price Index (CPI)",235.94,353.35,170.32,328.76,224.4,749.16,363.84,195.36,191.39,NA,401.23,311.65
"2006M01","Consumer Price Index (CPI)",236.96,354.1,150.78,330.25,219.27,752.13,366.47,194.68,186.46,NA,402.34,314.46
"2006M02","Consumer Price Index (CPI)",238.58,355.62,154.35,332.8,220.82,752.76,363.06,193.74,187.94,NA,404.37,314.08
"2006M03","Consumer Price Index (CPI)",238.72,355.29,166.06,335.29,221.41,751.46,366.34,192.9,186.53,NA,406.44,315.06
"2006M04","Consumer Price Index (CPI)",238.29,355.65,169.96,336.42,221.08,751.31,373.83,191.38,186.87,NA,406.31,316.22
"2006M05","Consumer Price Index (CPI)",242.1,356.29,167.57,336.48,220.95,752.67,374.49,188.23,187.28,NA,406.27,317.25
"2006M06","Consumer Price Index (CPI)",239.78,356.48,162.42,336.79,219.66,752.89,376.31,189.44,189.95,NA,406.94,317.87
"2006M07","Consumer Price Index (CPI)",241.1,357.45,150.64,339.34,219.37,748.73,376.41,186.25,190.39,NA,405.35,317.69
"2006M08","Consumer Price Index (CPI)",240.76,355.6,154.63,341.1,218.67,752.12,373.62,185.05,188.94,NA,406.65,318.61
"2006M09","Consumer Price Index (CPI)",241.79,356.21,173.04,343.79,220.01,754.2,362.61,184.47,189.07,NA,407.98,319.18
"2006M10","Consumer Price Index (CPI)",240.25,357.01,176.06,342.67,220.43,751.67,361.9,186.45,189.68,NA,410.17,319.28
"2006M11","Consumer Price Index (CPI)",240.69,358.49,176,345.43,221.01,754.05,359.37,183.78,188.81,NA,411.71,319.1
"2006M12","Consumer Price Index (CPI)",239.91,358.92,174.58,344.71,220.41,753.23,361.56,181.1,190.55,NA,411.68,320.11
"2007M01","Consumer Price Index (CPI)",242,375.1,154.54,347.7,219.92,763.12,357.77,181.31,187.4,NA,414.78,321.23
"2007M02","Consumer Price Index (CPI)",242.21,379.63,157.25,348.06,220.08,764.74,363.2,183.05,188.68,NA,413.95,321.5
"2007M03","Consumer Price Index (CPI)",242.83,380.21,167.84,348.12,222.16,766.37,369.72,183.26,187.03,NA,415.67,322.33
"2007M04","Consumer Price Index (CPI)",244.93,381.86,172.82,349.54,221.69,769.54,373.3,182.83,186.01,NA,416.6,323.1
"2007M05","Consumer Price Index (CPI)",242.75,382.24,173.65,348.43,222.67,769.81,373.36,183.45,186.06,NA,419.41,322.7
"2007M06","Consumer Price Index (CPI)",242.31,382.59,169.31,349.02,222.58,770.13,376.28,182.67,188.78,NA,420.32,323.01
"2007M07","Consumer Price Index (CPI)",244.47,382.91,155.09,350.68,219.54,772.95,375.47,182.54,190.06,NA,417.29,331.07
"2007M08","Consumer Price Index (CPI)",244.34,382.95,156.92,351.57,220.65,777.9,372.11,182.73,187.24,NA,424.13,331.24
"2007M09","Consumer Price Index (CPI)",243.8,384.81,175.48,355,220.31,778.85,373,182.14,188.02,NA,423.87,332.71
"2007M10","Consumer Price Index (CPI)",246.76,385.91,181.34,356.6,222.1,778.29,372.98,181.42,187.89,NA,425.32,332.29
"2007M11","Consumer Price Index (CPI)",249.49,386.17,180.93,360.61,222.55,779.57,379.13,180.32,187.29,NA,425.76,332.36
"2007M12","Consumer Price Index (CPI)",251.4,387.13,178.58,362.9,221.25,780.58,378.76,177.48,188.69,NA,424.86,331.86
"2008M01","Consumer Price Index (CPI)",254.85,404.22,151.43,364.79,218.6,777.71,381.94,177.62,182.26,NA,432.05,329.6
"2008M02","Consumer Price Index (CPI)",256.48,407.26,154.61,365.75,219.54,778.42,384.05,175.01,182.76,NA,432.66,331.09
"2008M03","Consumer Price Index (CPI)",259.4,408.37,167.22,368.27,220.63,779,386.89,176.66,182.06,NA,436.79,331.78
"2008M04","Consumer Price Index (CPI)",260.77,411.77,169.96,370.88,221.13,780.46,389.55,175.96,180.78,NA,438.31,331.81
"2008M05","Consumer Price Index (CPI)",261.96,412.64,170.6,371.21,222.82,781.84,394.72,174.98,180.79,NA,441.32,332.54
"2008M06","Consumer Price Index (CPI)",261.74,413.54,166.33,375.59,221.39,781.86,400.05,173.6,182.67,NA,442.75,333.02
"2008M07","Consumer Price Index (CPI)",263.95,413.65,151.07,380.82,219.63,747.21,398.28,173.47,182.79,NA,441.98,333.97
"2008M08","Consumer Price Index (CPI)",262.54,414.06,160.1,382.86,222.74,746,392.69,172.74,181.38,NA,445.47,333.42
"2008M09","Consumer Price Index (CPI)",263.16,414.27,178.66,387.14,223.13,745.42,392.06,172.42,182.29,NA,449.77,333.95
"2008M10","Consumer Price Index (CPI)",264.27,415.66,179.95,392.34,224.1,746.1,380.98,170.05,183.32,NA,450.98,334.36
"2008M11","Consumer Price Index (CPI)",264.79,415.64,178.57,387.38,224.74,746.42,369.82,169.64,182.51,NA,450.83,334.7
"2008M12","Consumer Price Index (CPI)",266.36,415.72,174.12,370.21,224.57,746.69,367.12,169.54,183.78,NA,451.09,334.73
"2009M01","Consumer Price Index (CPI)",268.74,416.4,155.23,372.83,222.6,764.4,371,168.43,181.24,NA,450.13,335.26
"2009M02","Consumer Price Index (CPI)",270.27,416.85,157.03,366.18,223.18,765.55,376.64,167.59,182.91,NA,452.13,336.82
"2009M03","Consumer Price Index (CPI)",271.13,417.26,168.63,363.07,224.22,765.92,379.61,166.63,181.99,NA,453.22,338.29
"2009M04","Consumer Price Index (CPI)",270.57,421.52,171.17,361.8,224.88,766.05,383.19,167.52,181.98,NA,451.31,339.32
"2009M05","Consumer Price Index (CPI)",269.78,421.98,170.45,354.37,226.42,766.8,389.55,167.37,182.66,NA,453.94,339.17
"2009M06","Consumer Price Index (CPI)",269.13,422.87,162.24,355.51,225.72,766.65,397.66,168.47,184.03,NA,455.5,340.63
"2009M07","Consumer Price Index (CPI)",269.71,426.12,156.74,351.58,226.68,767.68,393.98,169.05,185,NA,454.28,340.56
"2009M08","Consumer Price Index (CPI)",269.33,426.68,162.39,351.8,227.8,766.38,396.53,168.93,182.75,NA,456.8,341.64
"2009M09","Consumer Price Index (CPI)",267.48,426.72,181.2,349.96,226.94,768.64,392.29,168.97,183.3,NA,460.34,343.41
"2009M10","Consumer Price Index (CPI)",268.3,429.77,183.65,349.17,227.78,773.49,393.95,168.99,184.18,NA,461.07,342.87
"2009M11","Consumer Price Index (CPI)",268.31,429.82,182.44,348.45,226.28,779.71,396.34,167.52,183.57,NA,462.89,344.46
"2009M12","Consumer Price Index (CPI)",268.32,429.84,181.34,350.13,226.79,781.35,397.06,166.75,184.94,NA,463.57,344.6
"2010M01","Consumer Price Index (CPI)",272.48,424.89,163.62,351.22,223.18,791.64,399.03,165.39,181.03,NA,462.98,344.89
"2010M02","Consumer Price Index (CPI)",273.14,425.56,165.72,354.48,225.53,790.37,400.98,164.91,182.08,NA,466.55,345.83
"2010M03","Consumer Price Index (CPI)",274.15,426,174.63,351.23,226.07,791.25,404.34,165.4,181.51,NA,467.62,346.76
"2010M04","Consumer Price Index (CPI)",274.02,426.36,174.67,349.69,226.19,791.13,407.21,164.95,181.68,NA,468.42,347.63
"2010M05","Consumer Price Index (CPI)",272.74,426.83,177.14,351.32,226.04,792.49,407.6,165.31,181.59,NA,469.53,348.4
"2010M06","Consumer Price Index (CPI)",272.44,429.38,172.34,352.96,224.83,792.55,407.06,164.03,182.51,NA,472.34,349.48
"2010M07","Consumer Price Index (CPI)",271.96,429.65,161.26,354.71,223.35,794.73,405.18,164.99,183.22,NA,469.18,350.46
"2010M08","Consumer Price Index (CPI)",272.51,430.17,162.63,355.17,224.38,795.36,403.2,166.02,181.82,NA,469.88,350.21
"2010M09","Consumer Price Index (CPI)",272.53,430.53,181.96,357.98,222.49,795.78,402.76,165.16,182.05,NA,473.77,351.07
"2010M10","Consumer Price Index (CPI)",272.39,430.3,185.65,358.86,223.02,796.84,405.08,165.03,182.12,NA,474.79,352.94
"2010M11","Consumer Price Index (CPI)",274.07,430.12,185.38,362.12,223.39,797.61,405.57,165,181.66,NA,476.2,352.83
"2010M12","Consumer Price Index (CPI)",275.44,430.33,184.91,368.66,223.29,797.17,410.35,164.08,182.31,NA,475.41,352.99
"2011M01","Consumer Price Index (CPI)",274.97,430.33,167.18,376.42,219.99,805.54,407.94,161.91,179.12,NA,475.3,350.45
"2011M02","Consumer Price Index (CPI)",277.53,430.71,166.69,378.5,222.71,806.4,411.83,161.99,180.34,NA,478.55,351.9
"2011M03","Consumer Price Index (CPI)",277.81,430.44,175.86,383.3,221.98,807.72,414.95,161.67,179.42,NA,479.4,351.99
"2011M04","Consumer Price Index (CPI)",277.63,430.88,178.63,383.98,222.33,807.25,424.47,162.65,178.46,NA,479.82,353.64
"2011M05","Consumer Price Index (CPI)",276.79,430.94,180.74,386.5,223.06,807.61,420.51,162.42,179.09,NA,484.42,353.36
"2011M06","Consumer Price Index (CPI)",275.91,433.16,173.62,386.61,222.21,807.09,420.58,161.61,180.1,NA,483.38,352.29
"2011M07","Consumer Price Index (CPI)",277.11,434.07,161.53,387.82,222.24,807.5,422.58,161.32,181.56,NA,482.95,353.65
"2011M08","Consumer Price Index (CPI)",277.65,434.2,168.13,389.28,222.19,807.09,416.65,161.34,179.62,NA,485.14,352.61
"2011M09","Consumer Price Index (CPI)",275.77,434.2,188.58,388.89,224,808.26,418.5,160.76,180.09,NA,489.04,353.35
"2011M10","Consumer Price Index (CPI)",275.76,434.52,189.6,390.13,223.09,808.2,417.38,160.06,179.87,NA,487.16,352.74
"2011M11","Consumer Price Index (CPI)",275.67,434.36,187.19,393.86,224.31,808.91,415.98,161.99,179.36,NA,488.91,354.79
"2011M12","Consumer Price Index (CPI)",277.18,434.29,184.67,395.11,223.49,807.12,417.82,163.32,179.9,NA,489.63,355.44
"2012M01","Consumer Price Index (CPI)",277.91,439.51,159.78,396.28,221.49,827.99,417.62,162.66,175.42,NA,482.3,358.9
"2012M02","Consumer Price Index (CPI)",280.38,449.64,162.92,397.69,223.14,828.49,422.42,161.89,176.4,NA,482.45,359.33
"2012M03","Consumer Price Index (CPI)",281.21,452.35,173.88,393.94,223.43,827.1,427.63,161.41,175.39,NA,484.39,360.59
"2012M04","Consumer Price Index (CPI)",279.29,453.65,180.32,394.3,222.84,827.91,432.85,160.72,174.37,NA,482.65,361.81
"2012M05","Consumer Price Index (CPI)",280.45,454.02,180.77,393.16,223.77,830.61,426.7,160.81,174.89,NA,485.99,362.62
"2012M06","Consumer Price Index (CPI)",282.82,454.01,173.25,393.14,221.97,831.89,424.52,158.23,175.79,NA,485.15,361.84
"2012M07","Consumer Price Index (CPI)",281.59,454.22,162.83,391.22,221.14,832,428.54,157.36,176.71,NA,482.64,362.07
"2012M08","Consumer Price Index (CPI)",281.06,454.29,168.66,392.48,220.95,831.45,427.15,156.6,174.67,NA,487.31,362.36
"2012M09","Consumer Price Index (CPI)",280.1,454.32,184.55,389.32,221.57,832.43,429.92,156.23,175.66,NA,487.53,362.81
"2012M10","Consumer Price Index (CPI)",280.73,454.69,186,387.5,219.49,832.43,425.63,156.94,177.68,NA,488.77,363.11
"2012M11","Consumer Price Index (CPI)",281.11,454.88,186.28,387.14,219.66,831.55,420.02,157.34,175.97,NA,490.88,363.91
"2012M12","Consumer Price Index (CPI)",282.41,454.74,184.35,388.65,219.1,829.68,425,156.43,176.23,NA,490.72,364.3
"2013M01","Consumer Price Index (CPI)",284.4,456.95,161.9,391.39,215.9,841.84,419.26,155.82,173.52,NA,490.38,363.61
"2013M02","Consumer Price Index (CPI)",285.6,457.8,167.64,390.2,215.62,842.74,423.73,156.15,175.16,NA,491.57,364.04
"2013M03","Consumer Price Index (CPI)",286.05,458.31,179.68,390.23,216.59,843.96,423.06,157.03,174.8,NA,492.25,364.34
"2013M04","Consumer Price Index (CPI)",287.27,458.34,180.05,390.35,215.26,844.1,419.29,156.8,173.33,NA,492.19,363.74
"2013M05","Consumer Price Index (CPI)",288.98,458.38,178.85,389.03,218.51,846.69,420.37,156.06,173.4,NA,496.46,365.84
"2013M06","Consumer Price Index (CPI)",289.4,458.73,171.62,387.21,216.93,847.58,423.69,154.91,175.03,NA,496.22,364.78
"2013M07","Consumer Price Index (CPI)",290.03,459.31,158.97,387.34,215.89,848.37,427.59,154.41,176.06,NA,497.04,365.44
"2013M08","Consumer Price Index (CPI)",287.79,459.29,173.33,387.86,216.36,848.08,422.96,155.93,173.92,NA,496.98,365.1
"2013M09","Consumer Price Index (CPI)",287.79,460.39,185.09,389.15,215.64,847.46,420.95,154.86,174.25,NA,497.73,366.25
"2013M10","Consumer Price Index (CPI)",285.31,460.82,187.23,388.41,214.86,847.23,417.72,154.52,175.04,NA,496.08,366.13
"2013M11","Consumer Price Index (CPI)",285.54,460.6,187.01,389.06,216.21,846.32,415.78,155.25,173.29,NA,495.89,367.86
"2013M12","Consumer Price Index (CPI)",285.32,460.06,186.41,388.18,215.97,848.02,424.37,151.92,175.09,NA,496.87,368.38
"2014M01","Consumer Price Index (CPI)",285.32,466.93,165.83,388.5,213.85,849.37,412.63,152.07,172.8,NA,493.6,368.14
"2014M02","Consumer Price Index (CPI)",287.23,466.25,172.32,387.33,214.97,851.19,415.75,151.63,173.7,NA,494.83,368.63
"2014M03","Consumer Price Index (CPI)",286.5,465.36,177.05,386.72,215.28,850.36,415.95,151.14,172.29,NA,495.78,369.9
"2014M04","Consumer Price Index (CPI)",286.12,465.53,181.87,386.7,214.73,850.67,425.41,152.14,171.48,NA,495.5,369.92
"2014M05","Consumer Price Index (CPI)",287.68,465.22,180.68,387.83,214.95,850.3,419.58,151.75,172.35,NA,500.96,370.06
"2014M06","Consumer Price Index (CPI)",288.45,464.55,176.25,386.88,214.57,849.9,426.88,152.26,174.48,NA,499.8,370.1
"2014M07","Consumer Price Index (CPI)",290.86,465.13,162.8,385.14,213.74,851.01,428.54,151.45,175.68,NA,497.91,369.55
"2014M08","Consumer Price Index (CPI)",289.36,465.38,171.56,384.96,213.8,851.81,424.07,150.52,173.33,NA,501.81,369.02
"2014M09","Consumer Price Index (CPI)",287.51,465.7,183.32,384.81,213.21,846.99,420.79,151.8,173.43,NA,502.67,369.08
"2014M10","Consumer Price Index (CPI)",288.6,465.78,184.23,383.61,214.9,852.93,418.39,151.16,174.15,NA,503.51,370.23
"2014M11","Consumer Price Index (CPI)",289.16,465.86,186.19,383.14,215.47,850.45,413,150.97,173.24,NA,504.86,371.39
"2014M12","Consumer Price Index (CPI)",289.47,466.48,185.76,382.59,214.34,849.44,416.37,150.57,174.89,NA,504.4,371.75
"2015M01","Consumer Price Index (CPI)",289.51,482.42,166.05,383.22,211.75,849.71,403.42,148.68,172.65,NA,503.54,372.53
"2015M02","Consumer Price Index (CPI)",291.97,478.96,173.44,381.79,213.37,851.38,414.24,148.67,173.25,NA,507.26,372.57
"2015M03","Consumer Price Index (CPI)",292.28,481.89,179.16,381.08,214.75,852.61,415.7,147.45,170.81,NA,508.39,373.67
"2015M04","Consumer Price Index (CPI)",293.79,483.41,181.39,378.18,213.91,852.69,419.92,147.28,169.59,NA,509.85,373.18
"2015M05","Consumer Price Index (CPI)",295.92,483.51,181.81,376.8,213.93,851.74,423.87,146.11,172.16,NA,511.3,374.86
"2015M06","Consumer Price Index (CPI)",294.26,484.46,173.2,374.08,212.43,851.52,428.16,141.67,174.8,NA,513.5,374.96
"2015M07","Consumer Price Index (CPI)",296.87,484.58,165.53,371.17,212.71,854.23,433.63,141.51,176.87,NA,512.46,375.31
"2015M08","Consumer Price Index (CPI)",297.19,484.78,174.75,371.85,213.67,854.13,420.57,140.82,174.36,NA,515.01,376.01
"2015M09","Consumer Price Index (CPI)",296.53,486.5,186.7,372.65,215.81,852.04,416.54,140.57,175.32,NA,517.22,376.29
"2015M10","Consumer Price Index (CPI)",297.41,486.74,188.57,372.87,214.45,851.17,415.2,140.07,176.22,NA,516.42,376.21
"2015M11","Consumer Price Index (CPI)",296.18,486.54,190.72,373.93,214.73,850.63,411.08,139.62,174.26,NA,517.59,376.89
"2015M12","Consumer Price Index (CPI)",294.89,486.59,189.77,372.26,215.07,851.06,416.55,139.9,175.82,NA,520.32,377.77
"2016M01","Consumer Price Index (CPI)",295.87,487.49,169.91,379.31,214.52,854.13,413.08,139.1,173.28,NA,517.56,381.63
"2016M02","Consumer Price Index (CPI)",296.77,488.14,179.28,377.1,216.51,856.04,410.83,138.9,175.01,NA,518.4,382.97
"2016M03","Consumer Price Index (CPI)",298.15,489.46,186.98,377.5,215.78,856.59,419.88,138.58,173.23,NA,519.13,383.41
"2016M04","Consumer Price Index (CPI)",298.43,489.92,187.98,376.4,216.03,857.39,418.11,139.43,173.57,NA,519.64,383.66
"2016M05","Consumer Price Index (CPI)",298.61,489.96,188.04,376.4,216.37,857.06,421.66,138.57,173.97,NA,521.45,384.56
"2016M06","Consumer Price Index (CPI)",295.89,490.43,178.42,378.81,215.94,854.23,428.08,136.51,176.24,NA,524.31,386.45
"2016M07","Consumer Price Index (CPI)",299.7,491.53,171.24,378.12,214.9,854.77,431.97,136.17,177.18,NA,525.61,383.65
"2016M08","Consumer Price Index (CPI)",298.31,491.62,184.98,378.64,214.66,855.24,420.37,136.28,175.02,NA,526.63,384.7
"2016M09","Consumer Price Index (CPI)",296.77,492.19,192.96,379.3,215.17,854.5,418.72,133.44,175.23,NA,530.55,384.78
"2016M10","Consumer Price Index (CPI)",298.08,492.33,193.95,380.99,215.78,855.5,421.23,133.17,175.77,NA,529.3,386.39
"2016M11","Consumer Price Index (CPI)",297.92,492.89,194.78,383.43,215.25,855.64,419.41,132.91,174.73,NA,530.96,385.12
"2016M12","Consumer Price Index (CPI)",299.59,493.01,195.34,382.11,215.13,853.65,431.31,132.96,175.47,NA,532.97,387.47
"2017M01","Consumer Price Index (CPI)",300.9,496.56,173.7,386.46,213.17,857.47,428.62,129.75,173.5,NA,530.33,387.01
"2017M02","Consumer Price Index (CPI)",302.88,496.77,180.58,387.01,215.12,859.1,430.84,130.01,175.68,NA,534.99,387.94
"2017M03","Consumer Price Index (CPI)",302.93,497.79,186.17,386.44,214.85,861.14,427.42,129.7,173.57,NA,536.82,391.56
"2017M04","Consumer Price Index (CPI)",302.76,498.77,187.97,385.78,217.15,860.52,439.11,129.38,174.9,NA,535.58,394.64
"2017M05","Consumer Price Index (CPI)",303.02,499.06,188.81,386.32,215.14,860.06,431.77,129.93,176.66,NA,545.45,395.68
"2017M06","Consumer Price Index (CPI)",302.69,499.79,179.28,385.28,215.32,860.69,435.51,129.58,180.45,NA,543.62,399.25
"2017M07","Consumer Price Index (CPI)",306.02,500.35,171.03,388.36,214.34,862.36,441.12,129.01,184.97,NA,542.35,398.88
"2017M08","Consumer Price Index (CPI)",305.88,500.23,181.71,389.39,215.48,861.9,432.33,129.08,179.91,NA,545.42,400.76
"2017M09","Consumer Price Index (CPI)",304.64,500.99,190.58,391.01,214.17,857.29,431.27,128.57,178.15,NA,549.87,400.42
"2017M10","Consumer Price Index (CPI)",305.41,501.59,190.2,390.15,213.84,854.51,430.01,129.35,178.23,NA,549.95,399.56
"2017M11","Consumer Price Index (CPI)",305.43,501.54,193.38,392.29,214,861.27,431.92,129.05,176.7,NA,549.87,399.62
"2017M12","Consumer Price Index (CPI)",308.13,501.31,194.47,392.3,214.7,860.01,437,128.8,177.35,NA,549.85,399.46
"2018M01","Consumer Price Index (CPI)",307.84,501.5,171.32,396.18,213.06,856.56,431.3,127.1,175.64,NA,550.26,400.19
"2018M02","Consumer Price Index (CPI)",308.38,501.89,182.86,398.56,216.54,860.61,432.46,127.29,175.92,NA,552.47,401.89
"2018M03","Consumer Price Index (CPI)",309.12,504.38,187.13,400.76,215.63,857.61,434.81,127.25,174.6,NA,553.6,402.3
"2018M04","Consumer Price Index (CPI)",310.39,505.53,188.14,399.04,216.62,860.28,440.12,126.53,177.35,NA,555.6,403.24
"2018M05","Consumer Price Index (CPI)",312.36,506.59,189.28,397.48,215.58,868.34,442.96,126.05,177.72,NA,559.81,404.15
"2018M06","Consumer Price Index (CPI)",309.9,506.64,180.41,400.71,215.41,865.85,447.79,125.97,181.45,NA,560.65,404.38
"2018M07","Consumer Price Index (CPI)",313.86,506.97,168.54,404.24,215.35,859.68,456.51,125.37,186.25,NA,555.74,403.26
"2018M08","Consumer Price Index (CPI)",312.6,507.14,177.17,405.96,217.26,859.84,448.6,125.75,179.98,NA,562.41,404.51
"2018M09","Consumer Price Index (CPI)",314.09,509.26,189.4,406.31,217.26,849.76,447.45,124.09,181,NA,565.85,405.66
"2018M10","Consumer Price Index (CPI)",312.57,509.31,190.17,406.3,217.31,851.24,448.42,123.1,179.61,NA,564.49,406.42
"2018M11","Consumer Price Index (CPI)",312.18,509.46,193.37,409.01,216.47,846.48,442.04,121.74,178.42,NA,567.38,405.9
"2018M12","Consumer Price Index (CPI)",314.09,509.24,195.03,409.84,216.83,844.8,447.82,120.94,180.04,NA,565.1,407.09
"2019M01","Consumer Price Index (CPI)",312.87,509.9,171.88,415.02,214.99,858.85,438.49,119.03,176.59,NA,558.45,410.98
"2019M02","Consumer Price Index (CPI)",316.85,510.72,179.24,415.07,216.87,873.41,444.02,118.41,175.99,NA,563.76,413.47
"2019M03","Consumer Price Index (CPI)",319.14,514.04,182.41,414.15,218.68,877.41,445.44,117.12,175.44,NA,565.49,413.82
"2019M04","Consumer Price Index (CPI)",318.62,514.42,185.34,414.64,218.28,878.99,461.3,117.68,176.72,NA,567.4,413.37
"2019M05","Consumer Price Index (CPI)",318.87,516.02,188.88,413.88,219.73,882.56,459.11,117.12,177.97,NA,577.16,413.14
"2019M06","Consumer Price Index (CPI)",319.21,516.08,178.81,410.19,220.64,883.98,460.33,115.71,182.48,NA,577.75,413.58
"2019M07","Consumer Price Index (CPI)",325.89,516.36,167.74,413.92,218.67,840.52,468.15,115.33,186.66,NA,573.48,412.83
"2019M08","Consumer Price Index (CPI)",323.01,516.62,174.69,414.91,217.94,847.84,459.77,115.3,181.06,NA,575.24,414.91
"2019M09","Consumer Price Index (CPI)",322.68,519.01,186.54,415.06,220.19,855.78,457.01,115.33,180.64,NA,582.05,418
"2019M10","Consumer Price Index (CPI)",321.08,518.99,186.92,414.85,219.24,864.66,459.86,115.91,180.55,NA,581.46,417.59
"2019M11","Consumer Price Index (CPI)",322.03,519.08,190.77,417.43,220.31,868.95,457.24,115.44,177.67,NA,583.56,417.55
"2019M12","Consumer Price Index (CPI)",322.08,518.94,192.18,416.33,220.65,869.1,467.31,115.22,179.74,NA,581.56,417.22
"2020M01","Consumer Price Index (CPI)",320.53,519.21,168.81,413.68,217.41,882.19,460.63,111.52,176.23,NA,576.79,419.94
"2020M02","Consumer Price Index (CPI)",324.79,519.8,173.31,412.61,221.81,888.31,460.38,111,177.06,NA,579.55,421.7
"2020M03","Consumer Price Index (CPI)",327.21,522.75,180.24,411.74,219.52,892.76,454.82,110.99,173.97,NA,578.8,422.14
"2020M04","Consumer Price Index (CPI)",329.9,523.3,178.21,409.64,222.24,892.75,448.96,108.84,173.86,NA,571.15,422.86
"2020M05","Consumer Price Index (CPI)",331.23,524.94,182.62,411.07,222.1,896.04,449.74,110.28,176.23,NA,577.33,424.42
"2020M06","Consumer Price Index (CPI)",327.59,525.89,180.88,413.75,222.62,901.44,463.34,110.36,179.59,NA,575.74,423.54
"2020M07","Consumer Price Index (CPI)",330.98,526.34,173.67,410.49,221.8,856.97,477.1,110.48,182.87,NA,576.77,423.35
"2020M08","Consumer Price Index (CPI)",329.54,526.09,176.04,417.28,222.23,865.91,463.12,109.98,178.82,NA,578.44,427.85
"2020M09","Consumer Price Index (CPI)",325.58,527.42,187.88,418.2,223.81,872.3,460.76,110.01,176.35,NA,581.35,427.98
"2020M10","Consumer Price Index (CPI)",325.8,527.66,189.25,414.54,224.19,874.12,462.08,109.68,176.99,NA,580.06,428.49
"2020M11","Consumer Price Index (CPI)",325.74,527.93,191.19,416.77,224.81,877.56,458.27,108.52,176.22,NA,580.85,427.39
"2020M12","Consumer Price Index (CPI)",325.3,528.78,192.42,419.34,224.68,884.39,469.45,108.64,178.97,NA,579.54,428.61
"2021M01","Consumer Price Index (CPI)",326.63,528.63,175.43,424.4,222.68,886.77,468.19,108,175.37,NA,579.01,430.82
"2021M02","Consumer Price Index (CPI)",325.24,529.04,180.91,425.34,222.72,889.28,471.06,107.94,176.01,NA,581.75,430.8
"2021M03","Consumer Price Index (CPI)",326.97,530.35,188.21,422.75,223.06,879.04,477.31,107.56,175.13,NA,581.56,430.81
"2021M04","Consumer Price Index (CPI)",328.16,530.97,191.08,421.31,223.93,888.22,478.28,107.02,176.72,NA,582.34,432.25
"2021M05","Consumer Price Index (CPI)",328,531.62,193.69,423.46,224.5,879.99,481.12,107.22,175.55,NA,583.88,433.09
"2021M06","Consumer Price Index (CPI)",326.57,531.61,187.59,424.68,224.37,887,486.41,107.58,176.33,NA,584.69,430.72
"2021M07","Consumer Price Index (CPI)",330.08,532.02,180.13,429.31,223.68,846.49,490.94,107.27,177.07,NA,589.06,428.46
"2021M08","Consumer Price Index (CPI)",330.62,532.09,184.34,432.95,226.4,840.51,492.88,106.89,176.39,NA,593.3,433.82
"2021M09","Consumer Price Index (CPI)",328.42,532.66,192.86,439.53,227.3,851.85,489.24,107.14,176.28,NA,595.07,436.67
"2021M10","Consumer Price Index (CPI)",329.61,532.72,193.3,434.26,227.14,860.77,496.23,107.02,179.3,NA,597.17,437.6
"2021M11","Consumer Price Index (CPI)",329.08,533.19,196.55,440.45,227.54,856.84,496.61,106.73,179.32,NA,602.97,437.17
"2021M12","Consumer Price Index (CPI)",330.9,532.94,200.04,458.74,229.02,854.9,497.46,107.06,178.6,NA,605.37,438.46
"2022M01","Consumer Price Index (CPI)",332.97,533.04,181.05,448.61,233.03,885.32,505.32,106.33,177.17,NA,603.36,438.13
"2022M02","Consumer Price Index (CPI)",338.16,533.59,185.47,445.99,237.23,896.22,513.4,106.71,179.97,NA,607.35,440.87
"2022M03","Consumer Price Index (CPI)",346.07,539.23,191.14,456.16,241.08,901.06,529.46,106.27,180.16,NA,616.18,443.9
"2022M04","Consumer Price Index (CPI)",349.98,540.76,194.25,455.5,243.06,912.8,533.74,106.04,180.23,NA,623.91,451.26
"2022M05","Consumer Price Index (CPI)",356.85,541.63,198.36,460.77,247.58,914.96,532.57,106.44,182.82,NA,634.54,451.48
"2022M06","Consumer Price Index (CPI)",363.02,541.25,193,469.3,251.7,919.79,554.08,106.41,183.21,NA,643.48,450.72
"2022M07","Consumer Price Index (CPI)",374.64,541.67,189.42,468.55,248.61,874.86,551.61,106.53,183.84,NA,641.65,452.61
"2022M08","Consumer Price Index (CPI)",377.02,541.45,195.64,498.22,253.34,885.62,540.33,106.45,183.21,NA,651.13,456.1
"2022M09","Consumer Price Index (CPI)",381.23,548.11,204.83,515.48,258.37,897.52,536.49,106.58,184.08,NA,653.33,454.89
"2022M10","Consumer Price Index (CPI)",386.39,549.35,205.42,498.07,261.24,902.62,553.34,108.03,188.24,NA,656.12,457.3
"2022M11","Consumer Price Index (CPI)",388.5,549.8,206.99,518.01,262.59,903.15,547.63,106.6,186.94,NA,661.15,461.28
"2022M12","Consumer Price Index (CPI)",391.27,550.21,210.42,551.19,266.44,914.23,541.39,107.83,189.77,NA,660.94,463.36
"2023M01","Consumer Price Index (CPI)",398.13,559.46,194.36,530.58,263.18,933.15,540.07,106.89,191.09,NA,661.8,468.74
"2023M02","Consumer Price Index (CPI)",409.02,561.76,201.92,528.19,268.59,940.34,543.16,106.99,194.9,NA,670.53,473.54
"2023M03","Consumer Price Index (CPI)",414.08,569.18,207.69,531.11,272.08,948.5,545.15,107.44,192.81,NA,674.63,474.45
"2023M04","Consumer Price Index (CPI)",408.99,569.57,210.55,534.79,271.97,953.29,554.61,106.46,195.71,NA,670.83,478.53
"2023M05","Consumer Price Index (CPI)",407.39,570.5,212.99,531.3,273.36,958.47,551.42,107.75,198.79,NA,693.19,478.4
"2023M06","Consumer Price Index (CPI)",408.56,570.74,205.18,542.5,272.43,960.03,565.09,107.74,204,NA,695.48,478.17
"2023M07","Consumer Price Index (CPI)",414.1,573.28,202.27,535.06,271.18,917.04,566.77,107.74,209.65,NA,695.17,479.21
"2023M08","Consumer Price Index (CPI)",411.03,577.1,210.23,539.36,271.66,929.21,567.32,107.87,203.75,NA,699.7,483.04
"2023M09","Consumer Price Index (CPI)",410.47,581.16,220.08,539.35,277.01,938.2,568,107.57,205.29,NA,703.96,483.63
"2023M10","Consumer Price Index (CPI)",411.99,582.37,219.45,544.73,274.91,952.22,564.32,107.46,206.68,NA,700.38,483.79
"2023M11","Consumer Price Index (CPI)",412.66,582.92,216.84,563.46,272.16,953.61,560.06,107,201.07,NA,701.19,483.01
"2023M12","Consumer Price Index (CPI)",411.96,583.3,222.97,569.56,274.78,961.7,564.45,107.63,203.65,NA,699.84,483.67
"2024M01","Consumer Price Index (CPI)",413.32,592.72,206.07,583.9,271.37,979.47,544.94,107.88,199.62,NA,694.14,491.2
"2024M02","Consumer Price Index (CPI)",413.82,593.47,212.24,577.95,271.75,992.56,551.2,107.48,201.39,NA,698.72,494.24
"2024M03","Consumer Price Index (CPI)",411.12,597.15,217.76,580.59,270.22,1001.43,555.29,106.74,198.85,NA,701.35,495.96
"2024M04","Consumer Price Index (CPI)",411.68,597.24,220.24,580.79,271.55,1014.25,555.49,106.06,200.31,NA,708.21,496.16
"2024M05","Consumer Price Index (CPI)",413.33,598.35,222.71,571.22,271.15,1010.78,564.81,105.14,202.41,NA,726.81,496.49
"2024M06","Consumer Price Index (CPI)",412.97,598.85,216.24,572.97,269.74,1014.3,565.89,105.12,203.57,NA,716.76,497.19
"2024M07","Consumer Price Index (CPI)",418.59,600.8,207.4,568.77,266.55,974.09,573.65,102.94,206.93,NA,727.06,498.74
"2024M08","Consumer Price Index (CPI)",416.71,601.48,216.92,563.39,268.05,982.08,558.09,103.73,202.89,NA,729.54,500.55
"2024M09","Consumer Price Index (CPI)",419.13,603.74,223.41,563.05,272.44,985.67,545.78,103.23,205.07,NA,730.51,501.96
"2024M10","Consumer Price Index (CPI)",419.18,604.07,224.47,562.64,271.94,992.18,551.11,103.68,206.77,NA,728.92,501.75
"2024M11","Consumer Price Index (CPI)",420.51,600.66,224.81,573.15,270.77,999.74,547.34,102.54,204.88,NA,728.85,502.23
"2024M12","Consumer Price Index (CPI)",419.09,600.08,227.63,567.44,270.93,1005.07,561.64,102.88,204.94,NA,721.12,501.79
"2025M01","Consumer Price Index (CPI)",422.3,599.02,213.73,578.89,270.46,1017.73,547.15,104.38,202.11,NA,719.79,509.3
"2025M02","Consumer Price Index (CPI)",429.99,602.31,220.29,575.64,271.38,1021.93,546.55,104.82,205.91,NA,725.73,509.9
"2025M03","Consumer Price Index (CPI)",433.36,605.55,220.74,564.45,271.64,1026.95,543.59,104.63,200.11,NA,729.69,511.88
"2025M04","Consumer Price Index (CPI)",434.26,605.81,223.63,559.45,268.17,1029.83,546.54,104.53,202.79,NA,730.04,517.38
"2025M05","Consumer Price Index (CPI)",434.92,607.77,226.41,554.29,269.59,1031.19,540.18,104.39,204,NA,750.63,517.05
"2025M06","Consumer Price Index (CPI)",435,607.81,222.41,549.2,270.37,1034.04,552.68,103.71,211.8,NA,749.84,518.9
